-- MySQL dump 10.13  Distrib 9.3.0, for macos15.2 (arm64)
--
-- Host: localhost    Database: eCommerce1
-- ------------------------------------------------------
-- Server version	9.4.0

/*!40101 SET @OLD_CHARACTER_SET_CLIENT=@@CHARACTER_SET_CLIENT */;
/*!40101 SET @OLD_CHARACTER_SET_RESULTS=@@CHARACTER_SET_RESULTS */;
/*!40101 SET @OLD_COLLATION_CONNECTION=@@COLLATION_CONNECTION */;
/*!50503 SET NAMES utf8mb4 */;
/*!40103 SET @OLD_TIME_ZONE=@@TIME_ZONE */;
/*!40103 SET TIME_ZONE='+00:00' */;
/*!40014 SET @OLD_UNIQUE_CHECKS=@@UNIQUE_CHECKS, UNIQUE_CHECKS=0 */;
/*!40014 SET @OLD_FOREIGN_KEY_CHECKS=@@FOREIGN_KEY_CHECKS, FOREIGN_KEY_CHECKS=0 */;
/*!40101 SET @OLD_SQL_MODE=@@SQL_MODE, SQL_MODE='NO_AUTO_VALUE_ON_ZERO' */;
/*!40111 SET @OLD_SQL_NOTES=@@SQL_NOTES, SQL_NOTES=0 */;

--
-- Table structure for table `address`
--

DROP TABLE IF EXISTS `address`;
/*!40101 SET @saved_cs_client     = @@character_set_client */;
/*!50503 SET character_set_client = utf8mb4 */;
CREATE TABLE `address` (
  `id` int NOT NULL AUTO_INCREMENT,
  `address_line` varchar(255) NOT NULL,
  `pincode` varchar(255) NOT NULL,
  `user_id` int NOT NULL,
  PRIMARY KEY (`id`),
  KEY `FK6i66ijb8twgcqtetl8eeeed6v` (`user_id`),
  CONSTRAINT `FK6i66ijb8twgcqtetl8eeeed6v` FOREIGN KEY (`user_id`) REFERENCES `users` (`id`)
) ENGINE=InnoDB DEFAULT CHARSET=utf8mb4 COLLATE=utf8mb4_0900_ai_ci;
/*!40101 SET character_set_client = @saved_cs_client */;

--
-- Dumping data for table `address`
--

LOCK TABLES `address` WRITE;
/*!40000 ALTER TABLE `address` DISABLE KEYS */;
/*!40000 ALTER TABLE `address` ENABLE KEYS */;
UNLOCK TABLES;

--
-- Table structure for table `cart`
--

DROP TABLE IF EXISTS `cart`;
/*!40101 SET @saved_cs_client     = @@character_set_client */;
/*!50503 SET character_set_client = utf8mb4 */;
CREATE TABLE `cart` (
  `cart_id` int NOT NULL AUTO_INCREMENT,
  `product_id` int DEFAULT NULL,
  `quantity` int DEFAULT NULL,
  `user_id` int DEFAULT NULL,
  PRIMARY KEY (`cart_id`)
) ENGINE=InnoDB DEFAULT CHARSET=utf8mb4 COLLATE=utf8mb4_0900_ai_ci;
/*!40101 SET character_set_client = @saved_cs_client */;

--
-- Dumping data for table `cart`
--

LOCK TABLES `cart` WRITE;
/*!40000 ALTER TABLE `cart` DISABLE KEYS */;
/*!40000 ALTER TABLE `cart` ENABLE KEYS */;
UNLOCK TABLES;

--
-- Table structure for table `categories`
--

DROP TABLE IF EXISTS `categories`;
/*!40101 SET @saved_cs_client     = @@character_set_client */;
/*!50503 SET character_set_client = utf8mb4 */;
CREATE TABLE `categories` (
  `category_id` int NOT NULL AUTO_INCREMENT,
  `category_description` varchar(255) DEFAULT NULL,
  `category_name` varchar(255) DEFAULT NULL,
  `category_url` varchar(255) DEFAULT NULL,
  PRIMARY KEY (`category_id`)
) ENGINE=InnoDB AUTO_INCREMENT=12 DEFAULT CHARSET=utf8mb4 COLLATE=utf8mb4_0900_ai_ci;
/*!40101 SET character_set_client = @saved_cs_client */;

--
-- Dumping data for table `categories`
--

LOCK TABLES `categories` WRITE;
/*!40000 ALTER TABLE `categories` DISABLE KEYS */;
INSERT INTO `categories` VALUES (1,'Category for beauty','beauty','/category/beauty'),(2,'Category for fragrances','fragrances','/category/fragrances'),(3,'Category for furniture','furniture','/category/furniture'),(4,'Category for groceries','groceries','/category/groceries'),(5,'Category for home-decoration','home-decoration','/category/home-decoration'),(6,'Category for kitchen-accessories','kitchen-accessories','/category/kitchen-accessories'),(7,'Category for laptops','laptops','/category/laptops'),(8,'Category for mens-shirts','mens-shirts','/category/mens-shirts'),(9,'Category for mens-shoes','mens-shoes','/category/mens-shoes'),(10,'Category for mens-watches','mens-watches','/category/mens-watches'),(11,'Category for mobile-accessories','mobile-accessories','/category/mobile-accessories');
/*!40000 ALTER TABLE `categories` ENABLE KEYS */;
UNLOCK TABLES;

--
-- Table structure for table `orders`
--

DROP TABLE IF EXISTS `orders`;
/*!40101 SET @saved_cs_client     = @@character_set_client */;
/*!50503 SET character_set_client = utf8mb4 */;
CREATE TABLE `orders` (
  `order_id` int NOT NULL AUTO_INCREMENT,
  `slot_id` int DEFAULT NULL,
  `user_id` int DEFAULT NULL,
  `items` text,
  PRIMARY KEY (`order_id`)
) ENGINE=InnoDB AUTO_INCREMENT=20 DEFAULT CHARSET=utf8mb4 COLLATE=utf8mb4_0900_ai_ci;
/*!40101 SET character_set_client = @saved_cs_client */;

--
-- Dumping data for table `orders`
--

LOCK TABLES `orders` WRITE;
/*!40000 ALTER TABLE `orders` DISABLE KEYS */;
INSERT INTO `orders` VALUES (1,1,1,NULL),(2,1,1,NULL),(3,1,1,NULL),(4,1,1,'[{\"productId\":1,\"productName\":\"Test Product\",\"price\":99.99,\"quantity\":2,\"imageUrl\":\"https://example.com/image.jpg\"}]'),(5,1,1,'[{\"productId\":null,\"productName\":\"Eyeshadow Palette with Mirror\",\"price\":19.99,\"quantity\":34,\"imageUrl\":\"https://cdn.dummyjson.com/product-images/beauty/eyeshadow-palette-with-mirror/1.webp\"}]'),(6,1,1,'[{\"productId\":null,\"productName\":\"Essence Mascara Lash Princess\",\"price\":9.99,\"quantity\":190,\"imageUrl\":\"https://cdn.dummyjson.com/product-images/beauty/essence-mascara-lash-princess/1.webp\"}]'),(7,1,1,'[{\"productId\":null,\"productName\":\"Powder Canister\",\"price\":14.99,\"quantity\":1,\"imageUrl\":\"https://cdn.dummyjson.com/product-images/beauty/powder-canister/1.webp\"}]'),(8,1,1,'[{\"productId\":null,\"productName\":\"Longines Master Collection\",\"price\":1499.99,\"quantity\":1,\"imageUrl\":\"https://cdn.dummyjson.com/product-images/mens-watches/longines-master-collection/1.webp\"}]'),(9,1,1,'[{\"productId\":47,\"productName\":\"Table Lamp\",\"price\":49.99,\"quantity\":1,\"imageUrl\":\"https://cdn.dummyjson.com/product-images/home-decoration/table-lamp/1.webp\"}]'),(10,1,1,'[{\"productId\":2,\"productName\":\"Eyeshadow Palette with Mirror\",\"price\":9.99,\"quantity\":1,\"imageUrl\":\"https://cdn.dummyjson.com/product-images/beauty/eyeshadow-palette-with-mirror/1.webp\"}]'),(11,1,1,'[{\"productId\":3,\"productName\":\"Powder Canister\",\"price\":14.99,\"quantity\":1,\"imageUrl\":\"https://cdn.dummyjson.com/product-images/beauty/powder-canister/1.webp\"}]'),(12,4,1,'[{\"productId\":2,\"productName\":\"Eyeshadow Palette with Mirror\",\"price\":14.99,\"quantity\":1,\"imageUrl\":\"https://cdn.dummyjson.com/product-images/beauty/eyeshadow-palette-with-mirror/1.webp\"}]'),(13,4,1,'[{\"productId\":2,\"productName\":\"Eyeshadow Palette with Mirror\",\"price\":14.99,\"quantity\":1,\"imageUrl\":\"https://cdn.dummyjson.com/product-images/beauty/eyeshadow-palette-with-mirror/1.webp\"}]'),(14,4,1,'[{\"productId\":2,\"productName\":\"Eyeshadow Palette with Mirror\",\"price\":14.99,\"quantity\":1,\"imageUrl\":\"https://cdn.dummyjson.com/product-images/beauty/eyeshadow-palette-with-mirror/1.webp\"}]'),(15,4,1,'[{\"productId\":2,\"productName\":\"Eyeshadow Palette with Mirror\",\"price\":14.99,\"quantity\":1,\"imageUrl\":\"https://cdn.dummyjson.com/product-images/beauty/eyeshadow-palette-with-mirror/1.webp\"}]'),(16,5,1,'[{\"productId\":2,\"productName\":\"Eyeshadow Palette with Mirror\",\"price\":9.99,\"quantity\":1,\"imageUrl\":\"https://cdn.dummyjson.com/product-images/beauty/eyeshadow-palette-with-mirror/1.webp\"}]'),(17,4,1,'[{\"productId\":2,\"productName\":\"Eyeshadow Palette with Mirror\",\"price\":14.99,\"quantity\":1,\"imageUrl\":\"https://cdn.dummyjson.com/product-images/beauty/eyeshadow-palette-with-mirror/1.webp\"}]'),(18,4,1,'[{\"productId\":2,\"productName\":\"Eyeshadow Palette with Mirror\",\"price\":14.99,\"quantity\":1,\"imageUrl\":\"https://cdn.dummyjson.com/product-images/beauty/eyeshadow-palette-with-mirror/1.webp\"}]'),(19,1,1,'[{\"productId\":2,\"productName\":\"Eyeshadow Palette with Mirror\",\"price\":19.99,\"quantity\":1,\"imageUrl\":\"https://cdn.dummyjson.com/product-images/beauty/eyeshadow-palette-with-mirror/1.webp\"}]');
/*!40000 ALTER TABLE `orders` ENABLE KEYS */;
UNLOCK TABLES;

--
-- Table structure for table `product_image`
--

DROP TABLE IF EXISTS `product_image`;
/*!40101 SET @saved_cs_client     = @@character_set_client */;
/*!50503 SET character_set_client = utf8mb4 */;
CREATE TABLE `product_image` (
  `id` int NOT NULL AUTO_INCREMENT,
  `image_url_1` varchar(255) DEFAULT NULL,
  `image_url_2` varchar(255) DEFAULT NULL,
  `image_url_3` varchar(255) DEFAULT NULL,
  `product_id` int DEFAULT NULL,
  PRIMARY KEY (`id`),
  KEY `FK1n91c4vdhw8pa4frngs4qbbvs` (`product_id`),
  CONSTRAINT `FK1n91c4vdhw8pa4frngs4qbbvs` FOREIGN KEY (`product_id`) REFERENCES `products` (`product_id`)
) ENGINE=InnoDB AUTO_INCREMENT=105 DEFAULT CHARSET=utf8mb4 COLLATE=utf8mb4_0900_ai_ci;
/*!40101 SET character_set_client = @saved_cs_client */;

--
-- Dumping data for table `product_image`
--

LOCK TABLES `product_image` WRITE;
/*!40000 ALTER TABLE `product_image` DISABLE KEYS */;
INSERT INTO `product_image` VALUES (1,'https://cdn.dummyjson.com/product-images/beauty/essence-mascara-lash-princess/1.webp',NULL,NULL,1),(2,'https://cdn.dummyjson.com/product-images/beauty/eyeshadow-palette-with-mirror/1.webp',NULL,NULL,2),(3,'https://cdn.dummyjson.com/product-images/beauty/powder-canister/1.webp',NULL,NULL,3),(4,'https://cdn.dummyjson.com/product-images/beauty/red-lipstick/1.webp',NULL,NULL,4),(5,'https://cdn.dummyjson.com/product-images/beauty/red-nail-polish/1.webp',NULL,NULL,5),(6,'https://cdn.dummyjson.com/product-images/fragrances/calvin-klein-ck-one/1.webp','https://cdn.dummyjson.com/product-images/fragrances/calvin-klein-ck-one/2.webp','https://cdn.dummyjson.com/product-images/fragrances/calvin-klein-ck-one/3.webp',6),(7,'https://cdn.dummyjson.com/product-images/fragrances/chanel-coco-noir-eau-de/1.webp','https://cdn.dummyjson.com/product-images/fragrances/chanel-coco-noir-eau-de/2.webp','https://cdn.dummyjson.com/product-images/fragrances/chanel-coco-noir-eau-de/3.webp',7),(8,'https://cdn.dummyjson.com/product-images/fragrances/dior-j\'adore/1.webp','https://cdn.dummyjson.com/product-images/fragrances/dior-j\'adore/2.webp','https://cdn.dummyjson.com/product-images/fragrances/dior-j\'adore/3.webp',8),(9,'https://cdn.dummyjson.com/product-images/fragrances/dolce-shine-eau-de/1.webp','https://cdn.dummyjson.com/product-images/fragrances/dolce-shine-eau-de/2.webp','https://cdn.dummyjson.com/product-images/fragrances/dolce-shine-eau-de/3.webp',9),(10,'https://cdn.dummyjson.com/product-images/fragrances/gucci-bloom-eau-de/1.webp','https://cdn.dummyjson.com/product-images/fragrances/gucci-bloom-eau-de/2.webp','https://cdn.dummyjson.com/product-images/fragrances/gucci-bloom-eau-de/3.webp',10),(11,'https://cdn.dummyjson.com/product-images/furniture/annibale-colombo-bed/1.webp','https://cdn.dummyjson.com/product-images/furniture/annibale-colombo-bed/2.webp','https://cdn.dummyjson.com/product-images/furniture/annibale-colombo-bed/3.webp',11),(12,'https://cdn.dummyjson.com/product-images/furniture/annibale-colombo-sofa/1.webp','https://cdn.dummyjson.com/product-images/furniture/annibale-colombo-sofa/2.webp','https://cdn.dummyjson.com/product-images/furniture/annibale-colombo-sofa/3.webp',12),(13,'https://cdn.dummyjson.com/product-images/furniture/bedside-table-african-cherry/1.webp','https://cdn.dummyjson.com/product-images/furniture/bedside-table-african-cherry/2.webp','https://cdn.dummyjson.com/product-images/furniture/bedside-table-african-cherry/3.webp',13),(14,'https://cdn.dummyjson.com/product-images/furniture/knoll-saarinen-executive-conference-chair/1.webp','https://cdn.dummyjson.com/product-images/furniture/knoll-saarinen-executive-conference-chair/2.webp','https://cdn.dummyjson.com/product-images/furniture/knoll-saarinen-executive-conference-chair/3.webp',14),(15,'https://cdn.dummyjson.com/product-images/furniture/wooden-bathroom-sink-with-mirror/1.webp','https://cdn.dummyjson.com/product-images/furniture/wooden-bathroom-sink-with-mirror/2.webp','https://cdn.dummyjson.com/product-images/furniture/wooden-bathroom-sink-with-mirror/3.webp',15),(16,'https://cdn.dummyjson.com/product-images/groceries/apple/1.webp',NULL,NULL,16),(17,'https://cdn.dummyjson.com/product-images/groceries/beef-steak/1.webp',NULL,NULL,17),(18,'https://cdn.dummyjson.com/product-images/groceries/cat-food/1.webp',NULL,NULL,18),(19,'https://cdn.dummyjson.com/product-images/groceries/chicken-meat/1.webp','https://cdn.dummyjson.com/product-images/groceries/chicken-meat/2.webp',NULL,19),(20,'https://cdn.dummyjson.com/product-images/groceries/cooking-oil/1.webp',NULL,NULL,20),(21,'https://cdn.dummyjson.com/product-images/groceries/cucumber/1.webp',NULL,NULL,21),(22,'https://cdn.dummyjson.com/product-images/groceries/dog-food/1.webp',NULL,NULL,22),(23,'https://cdn.dummyjson.com/product-images/groceries/eggs/1.webp',NULL,NULL,23),(24,'https://cdn.dummyjson.com/product-images/groceries/fish-steak/1.webp',NULL,NULL,24),(25,'https://cdn.dummyjson.com/product-images/groceries/green-bell-pepper/1.webp',NULL,NULL,25),(26,'https://cdn.dummyjson.com/product-images/groceries/green-chili-pepper/1.webp',NULL,NULL,26),(27,'https://cdn.dummyjson.com/product-images/groceries/honey-jar/1.webp',NULL,NULL,27),(28,'https://cdn.dummyjson.com/product-images/groceries/ice-cream/1.webp','https://cdn.dummyjson.com/product-images/groceries/ice-cream/2.webp','https://cdn.dummyjson.com/product-images/groceries/ice-cream/3.webp',28),(29,'https://cdn.dummyjson.com/product-images/groceries/juice/1.webp',NULL,NULL,29),(30,'https://cdn.dummyjson.com/product-images/groceries/kiwi/1.webp',NULL,NULL,30),(31,'https://cdn.dummyjson.com/product-images/groceries/lemon/1.webp',NULL,NULL,31),(32,'https://cdn.dummyjson.com/product-images/groceries/milk/1.webp',NULL,NULL,32),(33,'https://cdn.dummyjson.com/product-images/groceries/mulberry/1.webp',NULL,NULL,33),(34,'https://cdn.dummyjson.com/product-images/groceries/nescafe-coffee/1.webp',NULL,NULL,34),(35,'https://cdn.dummyjson.com/product-images/groceries/potatoes/1.webp',NULL,NULL,35),(36,'https://cdn.dummyjson.com/product-images/groceries/protein-powder/1.webp',NULL,NULL,36),(37,'https://cdn.dummyjson.com/product-images/groceries/red-onions/1.webp',NULL,NULL,37),(38,'https://cdn.dummyjson.com/product-images/groceries/rice/1.webp',NULL,NULL,38),(39,'https://cdn.dummyjson.com/product-images/groceries/soft-drinks/1.webp',NULL,NULL,39),(40,'https://cdn.dummyjson.com/product-images/groceries/strawberry/1.webp',NULL,NULL,40),(41,'https://cdn.dummyjson.com/product-images/groceries/tissue-paper-box/1.webp','https://cdn.dummyjson.com/product-images/groceries/tissue-paper-box/2.webp',NULL,41),(42,'https://cdn.dummyjson.com/product-images/groceries/water/1.webp',NULL,NULL,42),(43,'https://cdn.dummyjson.com/product-images/home-decoration/decoration-swing/1.webp','https://cdn.dummyjson.com/product-images/home-decoration/decoration-swing/2.webp','https://cdn.dummyjson.com/product-images/home-decoration/decoration-swing/3.webp',43),(44,'https://cdn.dummyjson.com/product-images/home-decoration/family-tree-photo-frame/1.webp',NULL,NULL,44),(45,'https://cdn.dummyjson.com/product-images/home-decoration/house-showpiece-plant/1.webp','https://cdn.dummyjson.com/product-images/home-decoration/house-showpiece-plant/2.webp','https://cdn.dummyjson.com/product-images/home-decoration/house-showpiece-plant/3.webp',45),(46,'https://cdn.dummyjson.com/product-images/home-decoration/plant-pot/1.webp','https://cdn.dummyjson.com/product-images/home-decoration/plant-pot/2.webp','https://cdn.dummyjson.com/product-images/home-decoration/plant-pot/3.webp',46),(47,'https://cdn.dummyjson.com/product-images/home-decoration/table-lamp/1.webp',NULL,NULL,47),(48,'https://cdn.dummyjson.com/product-images/kitchen-accessories/bamboo-spatula/1.webp',NULL,NULL,48),(49,'https://cdn.dummyjson.com/product-images/kitchen-accessories/black-aluminium-cup/1.webp','https://cdn.dummyjson.com/product-images/kitchen-accessories/black-aluminium-cup/2.webp',NULL,49),(50,'https://cdn.dummyjson.com/product-images/kitchen-accessories/black-whisk/1.webp',NULL,NULL,50),(51,'https://cdn.dummyjson.com/product-images/kitchen-accessories/boxed-blender/1.webp','https://cdn.dummyjson.com/product-images/kitchen-accessories/boxed-blender/2.webp','https://cdn.dummyjson.com/product-images/kitchen-accessories/boxed-blender/3.webp',51),(52,'https://cdn.dummyjson.com/product-images/kitchen-accessories/carbon-steel-wok/1.webp',NULL,NULL,52),(53,'https://cdn.dummyjson.com/product-images/kitchen-accessories/chopping-board/1.webp',NULL,NULL,53),(54,'https://cdn.dummyjson.com/product-images/kitchen-accessories/citrus-squeezer-yellow/1.webp',NULL,NULL,54),(55,'https://cdn.dummyjson.com/product-images/kitchen-accessories/egg-slicer/1.webp',NULL,NULL,55),(56,'https://cdn.dummyjson.com/product-images/kitchen-accessories/electric-stove/1.webp','https://cdn.dummyjson.com/product-images/kitchen-accessories/electric-stove/2.webp','https://cdn.dummyjson.com/product-images/kitchen-accessories/electric-stove/3.webp',56),(57,'https://cdn.dummyjson.com/product-images/kitchen-accessories/fine-mesh-strainer/1.webp',NULL,NULL,57),(58,'https://cdn.dummyjson.com/product-images/kitchen-accessories/fork/1.webp',NULL,NULL,58),(59,'https://cdn.dummyjson.com/product-images/kitchen-accessories/glass/1.webp',NULL,NULL,59),(60,'https://cdn.dummyjson.com/product-images/kitchen-accessories/grater-black/1.webp',NULL,NULL,60),(61,'https://cdn.dummyjson.com/product-images/kitchen-accessories/hand-blender/1.webp',NULL,NULL,61),(62,'https://cdn.dummyjson.com/product-images/kitchen-accessories/ice-cube-tray/1.webp',NULL,NULL,62),(63,'https://cdn.dummyjson.com/product-images/kitchen-accessories/kitchen-sieve/1.webp',NULL,NULL,63),(64,'https://cdn.dummyjson.com/product-images/kitchen-accessories/knife/1.webp',NULL,NULL,64),(65,'https://cdn.dummyjson.com/product-images/kitchen-accessories/lunch-box/1.webp',NULL,NULL,65),(66,'https://cdn.dummyjson.com/product-images/kitchen-accessories/microwave-oven/1.webp','https://cdn.dummyjson.com/product-images/kitchen-accessories/microwave-oven/2.webp','https://cdn.dummyjson.com/product-images/kitchen-accessories/microwave-oven/3.webp',66),(67,'https://cdn.dummyjson.com/product-images/kitchen-accessories/mug-tree-stand/1.webp','https://cdn.dummyjson.com/product-images/kitchen-accessories/mug-tree-stand/2.webp',NULL,67),(68,'https://cdn.dummyjson.com/product-images/kitchen-accessories/pan/1.webp',NULL,NULL,68),(69,'https://cdn.dummyjson.com/product-images/kitchen-accessories/plate/1.webp',NULL,NULL,69),(70,'https://cdn.dummyjson.com/product-images/kitchen-accessories/red-tongs/1.webp',NULL,NULL,70),(71,'https://cdn.dummyjson.com/product-images/kitchen-accessories/silver-pot-with-glass-cap/1.webp',NULL,NULL,71),(72,'https://cdn.dummyjson.com/product-images/kitchen-accessories/slotted-turner/1.webp',NULL,NULL,72),(73,'https://cdn.dummyjson.com/product-images/kitchen-accessories/spice-rack/1.webp',NULL,NULL,73),(74,'https://cdn.dummyjson.com/product-images/kitchen-accessories/spoon/1.webp',NULL,NULL,74),(75,'https://cdn.dummyjson.com/product-images/kitchen-accessories/tray/1.webp',NULL,NULL,75),(76,'https://cdn.dummyjson.com/product-images/kitchen-accessories/wooden-rolling-pin/1.webp',NULL,NULL,76),(77,'https://cdn.dummyjson.com/product-images/kitchen-accessories/yellow-peeler/1.webp',NULL,NULL,77),(78,'https://cdn.dummyjson.com/product-images/laptops/apple-macbook-pro-14-inch-space-grey/1.webp','https://cdn.dummyjson.com/product-images/laptops/apple-macbook-pro-14-inch-space-grey/2.webp','https://cdn.dummyjson.com/product-images/laptops/apple-macbook-pro-14-inch-space-grey/3.webp',78),(79,'https://cdn.dummyjson.com/product-images/laptops/asus-zenbook-pro-dual-screen-laptop/1.webp','https://cdn.dummyjson.com/product-images/laptops/asus-zenbook-pro-dual-screen-laptop/2.webp','https://cdn.dummyjson.com/product-images/laptops/asus-zenbook-pro-dual-screen-laptop/3.webp',79),(80,'https://cdn.dummyjson.com/product-images/laptops/huawei-matebook-x-pro/1.webp','https://cdn.dummyjson.com/product-images/laptops/huawei-matebook-x-pro/2.webp','https://cdn.dummyjson.com/product-images/laptops/huawei-matebook-x-pro/3.webp',80),(81,'https://cdn.dummyjson.com/product-images/laptops/lenovo-yoga-920/1.webp','https://cdn.dummyjson.com/product-images/laptops/lenovo-yoga-920/2.webp','https://cdn.dummyjson.com/product-images/laptops/lenovo-yoga-920/3.webp',81),(82,'https://cdn.dummyjson.com/product-images/laptops/new-dell-xps-13-9300-laptop/1.webp','https://cdn.dummyjson.com/product-images/laptops/new-dell-xps-13-9300-laptop/2.webp','https://cdn.dummyjson.com/product-images/laptops/new-dell-xps-13-9300-laptop/3.webp',82),(83,'https://cdn.dummyjson.com/product-images/mens-shirts/blue-&-black-check-shirt/1.webp','https://cdn.dummyjson.com/product-images/mens-shirts/blue-&-black-check-shirt/2.webp','https://cdn.dummyjson.com/product-images/mens-shirts/blue-&-black-check-shirt/3.webp',83),(84,'https://cdn.dummyjson.com/product-images/mens-shirts/gigabyte-aorus-men-tshirt/1.webp','https://cdn.dummyjson.com/product-images/mens-shirts/gigabyte-aorus-men-tshirt/2.webp','https://cdn.dummyjson.com/product-images/mens-shirts/gigabyte-aorus-men-tshirt/3.webp',84),(85,'https://cdn.dummyjson.com/product-images/mens-shirts/man-plaid-shirt/1.webp','https://cdn.dummyjson.com/product-images/mens-shirts/man-plaid-shirt/2.webp','https://cdn.dummyjson.com/product-images/mens-shirts/man-plaid-shirt/3.webp',85),(86,'https://cdn.dummyjson.com/product-images/mens-shirts/man-short-sleeve-shirt/1.webp','https://cdn.dummyjson.com/product-images/mens-shirts/man-short-sleeve-shirt/2.webp','https://cdn.dummyjson.com/product-images/mens-shirts/man-short-sleeve-shirt/3.webp',86),(87,'https://cdn.dummyjson.com/product-images/mens-shirts/men-check-shirt/1.webp','https://cdn.dummyjson.com/product-images/mens-shirts/men-check-shirt/2.webp','https://cdn.dummyjson.com/product-images/mens-shirts/men-check-shirt/3.webp',87),(88,'https://cdn.dummyjson.com/product-images/mens-shoes/nike-air-jordan-1-red-and-black/1.webp','https://cdn.dummyjson.com/product-images/mens-shoes/nike-air-jordan-1-red-and-black/2.webp','https://cdn.dummyjson.com/product-images/mens-shoes/nike-air-jordan-1-red-and-black/3.webp',88),(89,'https://cdn.dummyjson.com/product-images/mens-shoes/nike-baseball-cleats/1.webp','https://cdn.dummyjson.com/product-images/mens-shoes/nike-baseball-cleats/2.webp','https://cdn.dummyjson.com/product-images/mens-shoes/nike-baseball-cleats/3.webp',89),(90,'https://cdn.dummyjson.com/product-images/mens-shoes/puma-future-rider-trainers/1.webp','https://cdn.dummyjson.com/product-images/mens-shoes/puma-future-rider-trainers/2.webp','https://cdn.dummyjson.com/product-images/mens-shoes/puma-future-rider-trainers/3.webp',90),(91,'https://cdn.dummyjson.com/product-images/mens-shoes/sports-sneakers-off-white-&-red/1.webp','https://cdn.dummyjson.com/product-images/mens-shoes/sports-sneakers-off-white-&-red/2.webp','https://cdn.dummyjson.com/product-images/mens-shoes/sports-sneakers-off-white-&-red/3.webp',91),(92,'https://cdn.dummyjson.com/product-images/mens-shoes/sports-sneakers-off-white-red/1.webp','https://cdn.dummyjson.com/product-images/mens-shoes/sports-sneakers-off-white-red/2.webp','https://cdn.dummyjson.com/product-images/mens-shoes/sports-sneakers-off-white-red/3.webp',92),(93,'https://cdn.dummyjson.com/product-images/mens-watches/brown-leather-belt-watch/1.webp','https://cdn.dummyjson.com/product-images/mens-watches/brown-leather-belt-watch/2.webp','https://cdn.dummyjson.com/product-images/mens-watches/brown-leather-belt-watch/3.webp',93),(94,'https://cdn.dummyjson.com/product-images/mens-watches/longines-master-collection/1.webp','https://cdn.dummyjson.com/product-images/mens-watches/longines-master-collection/2.webp','https://cdn.dummyjson.com/product-images/mens-watches/longines-master-collection/3.webp',94),(95,'https://cdn.dummyjson.com/product-images/mens-watches/rolex-cellini-date-black-dial/1.webp','https://cdn.dummyjson.com/product-images/mens-watches/rolex-cellini-date-black-dial/2.webp','https://cdn.dummyjson.com/product-images/mens-watches/rolex-cellini-date-black-dial/3.webp',95),(96,'https://cdn.dummyjson.com/product-images/mens-watches/rolex-cellini-moonphase/1.webp','https://cdn.dummyjson.com/product-images/mens-watches/rolex-cellini-moonphase/2.webp','https://cdn.dummyjson.com/product-images/mens-watches/rolex-cellini-moonphase/3.webp',96),(97,'https://cdn.dummyjson.com/product-images/mens-watches/rolex-datejust/1.webp','https://cdn.dummyjson.com/product-images/mens-watches/rolex-datejust/2.webp','https://cdn.dummyjson.com/product-images/mens-watches/rolex-datejust/3.webp',97),(98,'https://cdn.dummyjson.com/product-images/mens-watches/rolex-submariner-watch/1.webp','https://cdn.dummyjson.com/product-images/mens-watches/rolex-submariner-watch/2.webp','https://cdn.dummyjson.com/product-images/mens-watches/rolex-submariner-watch/3.webp',98),(99,'https://cdn.dummyjson.com/product-images/mobile-accessories/amazon-echo-plus/1.webp','https://cdn.dummyjson.com/product-images/mobile-accessories/amazon-echo-plus/2.webp',NULL,99),(100,'https://cdn.dummyjson.com/product-images/mobile-accessories/apple-airpods/1.webp','https://cdn.dummyjson.com/product-images/mobile-accessories/apple-airpods/2.webp','https://cdn.dummyjson.com/product-images/mobile-accessories/apple-airpods/3.webp',100),(101,'https://t4.ftcdn.net/jpg/03/19/37/75/360_F_319377582_bE83iovSQCRB79zOL2OnV3cOP4jEA7Qb.jpg','https://t4.ftcdn.net/jpg/03/19/37/75/360_F_319377582_bE83iovSQCRB79zOL2OnV3cOP4jEA7Qb.jpg','https://t4.ftcdn.net/jpg/03/19/37/75/360_F_319377582_bE83iovSQCRB79zOL2OnV3cOP4jEA7Qb.jpg',104),(102,'https://t4.ftcdn.net/jpg/03/19/37/75/360_F_319377582_bE83iovSQCRB79zOL2OnV3cOP4jEA7Qb.jpg','','',105),(103,'https://t4.ftcdn.net/jpg/03/19/37/75/360_F_319377582_bE83iovSQCRB79zOL2OnV3cOP4jEA7Qb.jpg','','',106),(104,'https://t4.ftcdn.net/jpg/03/19/37/75/360_F_319377582_bE83iovSQCRB79zOL2OnV3cOP4jEA7Qb.jpg','','',107);
/*!40000 ALTER TABLE `product_image` ENABLE KEYS */;
UNLOCK TABLES;

--
-- Table structure for table `product_images`
--

DROP TABLE IF EXISTS `product_images`;
/*!40101 SET @saved_cs_client     = @@character_set_client */;
/*!50503 SET character_set_client = utf8mb4 */;
CREATE TABLE `product_images` (
  `id` int NOT NULL AUTO_INCREMENT,
  `image_url_1` varchar(255) DEFAULT NULL,
  `image_url_2` varchar(255) DEFAULT NULL,
  `image_url_3` varchar(255) DEFAULT NULL,
  `product_id` int DEFAULT NULL,
  PRIMARY KEY (`id`),
  KEY `FKqnq71xsohugpqwf3c9gxmsuy` (`product_id`),
  CONSTRAINT `FKqnq71xsohugpqwf3c9gxmsuy` FOREIGN KEY (`product_id`) REFERENCES `products` (`product_id`)
) ENGINE=InnoDB AUTO_INCREMENT=101 DEFAULT CHARSET=utf8mb4 COLLATE=utf8mb4_0900_ai_ci;
/*!40101 SET character_set_client = @saved_cs_client */;

--
-- Dumping data for table `product_images`
--

LOCK TABLES `product_images` WRITE;
/*!40000 ALTER TABLE `product_images` DISABLE KEYS */;
INSERT INTO `product_images` VALUES (1,'https://cdn.dummyjson.com/product-images/beauty/essence-mascara-lash-princess/1.webp',NULL,NULL,1),(2,'https://cdn.dummyjson.com/product-images/beauty/eyeshadow-palette-with-mirror/1.webp',NULL,NULL,2),(3,'https://cdn.dummyjson.com/product-images/beauty/powder-canister/1.webp',NULL,NULL,3),(4,'https://cdn.dummyjson.com/product-images/beauty/red-lipstick/1.webp',NULL,NULL,4),(5,'https://cdn.dummyjson.com/product-images/beauty/red-nail-polish/1.webp',NULL,NULL,5),(6,'https://cdn.dummyjson.com/product-images/fragrances/calvin-klein-ck-one/1.webp','https://cdn.dummyjson.com/product-images/fragrances/calvin-klein-ck-one/2.webp','https://cdn.dummyjson.com/product-images/fragrances/calvin-klein-ck-one/3.webp',6),(7,'https://cdn.dummyjson.com/product-images/fragrances/chanel-coco-noir-eau-de/1.webp','https://cdn.dummyjson.com/product-images/fragrances/chanel-coco-noir-eau-de/2.webp','https://cdn.dummyjson.com/product-images/fragrances/chanel-coco-noir-eau-de/3.webp',7),(8,'https://cdn.dummyjson.com/product-images/fragrances/dior-j\'adore/1.webp','https://cdn.dummyjson.com/product-images/fragrances/dior-j\'adore/2.webp','https://cdn.dummyjson.com/product-images/fragrances/dior-j\'adore/3.webp',8),(9,'https://cdn.dummyjson.com/product-images/fragrances/dolce-shine-eau-de/1.webp','https://cdn.dummyjson.com/product-images/fragrances/dolce-shine-eau-de/2.webp','https://cdn.dummyjson.com/product-images/fragrances/dolce-shine-eau-de/3.webp',9),(10,'https://cdn.dummyjson.com/product-images/fragrances/gucci-bloom-eau-de/1.webp','https://cdn.dummyjson.com/product-images/fragrances/gucci-bloom-eau-de/2.webp','https://cdn.dummyjson.com/product-images/fragrances/gucci-bloom-eau-de/3.webp',10),(11,'https://cdn.dummyjson.com/product-images/furniture/annibale-colombo-bed/1.webp','https://cdn.dummyjson.com/product-images/furniture/annibale-colombo-bed/2.webp','https://cdn.dummyjson.com/product-images/furniture/annibale-colombo-bed/3.webp',11),(12,'https://cdn.dummyjson.com/product-images/furniture/annibale-colombo-sofa/1.webp','https://cdn.dummyjson.com/product-images/furniture/annibale-colombo-sofa/2.webp','https://cdn.dummyjson.com/product-images/furniture/annibale-colombo-sofa/3.webp',12),(13,'https://cdn.dummyjson.com/product-images/furniture/bedside-table-african-cherry/1.webp','https://cdn.dummyjson.com/product-images/furniture/bedside-table-african-cherry/2.webp','https://cdn.dummyjson.com/product-images/furniture/bedside-table-african-cherry/3.webp',13),(14,'https://cdn.dummyjson.com/product-images/furniture/knoll-saarinen-executive-conference-chair/1.webp','https://cdn.dummyjson.com/product-images/furniture/knoll-saarinen-executive-conference-chair/2.webp','https://cdn.dummyjson.com/product-images/furniture/knoll-saarinen-executive-conference-chair/3.webp',14),(15,'https://cdn.dummyjson.com/product-images/furniture/wooden-bathroom-sink-with-mirror/1.webp','https://cdn.dummyjson.com/product-images/furniture/wooden-bathroom-sink-with-mirror/2.webp','https://cdn.dummyjson.com/product-images/furniture/wooden-bathroom-sink-with-mirror/3.webp',15),(16,'https://cdn.dummyjson.com/product-images/groceries/apple/1.webp',NULL,NULL,16),(17,'https://cdn.dummyjson.com/product-images/groceries/beef-steak/1.webp',NULL,NULL,17),(18,'https://cdn.dummyjson.com/product-images/groceries/cat-food/1.webp',NULL,NULL,18),(19,'https://cdn.dummyjson.com/product-images/groceries/chicken-meat/1.webp','https://cdn.dummyjson.com/product-images/groceries/chicken-meat/2.webp',NULL,19),(20,'https://cdn.dummyjson.com/product-images/groceries/cooking-oil/1.webp',NULL,NULL,20),(21,'https://cdn.dummyjson.com/product-images/groceries/cucumber/1.webp',NULL,NULL,21),(22,'https://cdn.dummyjson.com/product-images/groceries/dog-food/1.webp',NULL,NULL,22),(23,'https://cdn.dummyjson.com/product-images/groceries/eggs/1.webp',NULL,NULL,23),(24,'https://cdn.dummyjson.com/product-images/groceries/fish-steak/1.webp',NULL,NULL,24),(25,'https://cdn.dummyjson.com/product-images/groceries/green-bell-pepper/1.webp',NULL,NULL,25),(26,'https://cdn.dummyjson.com/product-images/groceries/green-chili-pepper/1.webp',NULL,NULL,26),(27,'https://cdn.dummyjson.com/product-images/groceries/honey-jar/1.webp',NULL,NULL,27),(28,'https://cdn.dummyjson.com/product-images/groceries/ice-cream/1.webp','https://cdn.dummyjson.com/product-images/groceries/ice-cream/2.webp','https://cdn.dummyjson.com/product-images/groceries/ice-cream/3.webp',28),(29,'https://cdn.dummyjson.com/product-images/groceries/juice/1.webp',NULL,NULL,29),(30,'https://cdn.dummyjson.com/product-images/groceries/kiwi/1.webp',NULL,NULL,30),(31,'https://cdn.dummyjson.com/product-images/groceries/lemon/1.webp',NULL,NULL,31),(32,'https://cdn.dummyjson.com/product-images/groceries/milk/1.webp',NULL,NULL,32),(33,'https://cdn.dummyjson.com/product-images/groceries/mulberry/1.webp',NULL,NULL,33),(34,'https://cdn.dummyjson.com/product-images/groceries/nescafe-coffee/1.webp',NULL,NULL,34),(35,'https://cdn.dummyjson.com/product-images/groceries/potatoes/1.webp',NULL,NULL,35),(36,'https://cdn.dummyjson.com/product-images/groceries/protein-powder/1.webp',NULL,NULL,36),(37,'https://cdn.dummyjson.com/product-images/groceries/red-onions/1.webp',NULL,NULL,37),(38,'https://cdn.dummyjson.com/product-images/groceries/rice/1.webp',NULL,NULL,38),(39,'https://cdn.dummyjson.com/product-images/groceries/soft-drinks/1.webp',NULL,NULL,39),(40,'https://cdn.dummyjson.com/product-images/groceries/strawberry/1.webp',NULL,NULL,40),(41,'https://cdn.dummyjson.com/product-images/groceries/tissue-paper-box/1.webp','https://cdn.dummyjson.com/product-images/groceries/tissue-paper-box/2.webp',NULL,41),(42,'https://cdn.dummyjson.com/product-images/groceries/water/1.webp',NULL,NULL,42),(43,'https://cdn.dummyjson.com/product-images/home-decoration/decoration-swing/1.webp','https://cdn.dummyjson.com/product-images/home-decoration/decoration-swing/2.webp','https://cdn.dummyjson.com/product-images/home-decoration/decoration-swing/3.webp',43),(44,'https://cdn.dummyjson.com/product-images/home-decoration/family-tree-photo-frame/1.webp',NULL,NULL,44),(45,'https://cdn.dummyjson.com/product-images/home-decoration/house-showpiece-plant/1.webp','https://cdn.dummyjson.com/product-images/home-decoration/house-showpiece-plant/2.webp','https://cdn.dummyjson.com/product-images/home-decoration/house-showpiece-plant/3.webp',45),(46,'https://cdn.dummyjson.com/product-images/home-decoration/plant-pot/1.webp','https://cdn.dummyjson.com/product-images/home-decoration/plant-pot/2.webp','https://cdn.dummyjson.com/product-images/home-decoration/plant-pot/3.webp',46),(47,'https://cdn.dummyjson.com/product-images/home-decoration/table-lamp/1.webp',NULL,NULL,47),(48,'https://cdn.dummyjson.com/product-images/kitchen-accessories/bamboo-spatula/1.webp',NULL,NULL,48),(49,'https://cdn.dummyjson.com/product-images/kitchen-accessories/black-aluminium-cup/1.webp','https://cdn.dummyjson.com/product-images/kitchen-accessories/black-aluminium-cup/2.webp',NULL,49),(50,'https://cdn.dummyjson.com/product-images/kitchen-accessories/black-whisk/1.webp',NULL,NULL,50),(51,'https://cdn.dummyjson.com/product-images/kitchen-accessories/boxed-blender/1.webp','https://cdn.dummyjson.com/product-images/kitchen-accessories/boxed-blender/2.webp','https://cdn.dummyjson.com/product-images/kitchen-accessories/boxed-blender/3.webp',51),(52,'https://cdn.dummyjson.com/product-images/kitchen-accessories/carbon-steel-wok/1.webp',NULL,NULL,52),(53,'https://cdn.dummyjson.com/product-images/kitchen-accessories/chopping-board/1.webp',NULL,NULL,53),(54,'https://cdn.dummyjson.com/product-images/kitchen-accessories/citrus-squeezer-yellow/1.webp',NULL,NULL,54),(55,'https://cdn.dummyjson.com/product-images/kitchen-accessories/egg-slicer/1.webp',NULL,NULL,55),(56,'https://cdn.dummyjson.com/product-images/kitchen-accessories/electric-stove/1.webp','https://cdn.dummyjson.com/product-images/kitchen-accessories/electric-stove/2.webp','https://cdn.dummyjson.com/product-images/kitchen-accessories/electric-stove/3.webp',56),(57,'https://cdn.dummyjson.com/product-images/kitchen-accessories/fine-mesh-strainer/1.webp',NULL,NULL,57),(58,'https://cdn.dummyjson.com/product-images/kitchen-accessories/fork/1.webp',NULL,NULL,58),(59,'https://cdn.dummyjson.com/product-images/kitchen-accessories/glass/1.webp',NULL,NULL,59),(60,'https://cdn.dummyjson.com/product-images/kitchen-accessories/grater-black/1.webp',NULL,NULL,60),(61,'https://cdn.dummyjson.com/product-images/kitchen-accessories/hand-blender/1.webp',NULL,NULL,61),(62,'https://cdn.dummyjson.com/product-images/kitchen-accessories/ice-cube-tray/1.webp',NULL,NULL,62),(63,'https://cdn.dummyjson.com/product-images/kitchen-accessories/kitchen-sieve/1.webp',NULL,NULL,63),(64,'https://cdn.dummyjson.com/product-images/kitchen-accessories/knife/1.webp',NULL,NULL,64),(65,'https://cdn.dummyjson.com/product-images/kitchen-accessories/lunch-box/1.webp',NULL,NULL,65),(66,'https://cdn.dummyjson.com/product-images/kitchen-accessories/microwave-oven/1.webp','https://cdn.dummyjson.com/product-images/kitchen-accessories/microwave-oven/2.webp','https://cdn.dummyjson.com/product-images/kitchen-accessories/microwave-oven/3.webp',66),(67,'https://cdn.dummyjson.com/product-images/kitchen-accessories/mug-tree-stand/1.webp','https://cdn.dummyjson.com/product-images/kitchen-accessories/mug-tree-stand/2.webp',NULL,67),(68,'https://cdn.dummyjson.com/product-images/kitchen-accessories/pan/1.webp',NULL,NULL,68),(69,'https://cdn.dummyjson.com/product-images/kitchen-accessories/plate/1.webp',NULL,NULL,69),(70,'https://cdn.dummyjson.com/product-images/kitchen-accessories/red-tongs/1.webp',NULL,NULL,70),(71,'https://cdn.dummyjson.com/product-images/kitchen-accessories/silver-pot-with-glass-cap/1.webp',NULL,NULL,71),(72,'https://cdn.dummyjson.com/product-images/kitchen-accessories/slotted-turner/1.webp',NULL,NULL,72),(73,'https://cdn.dummyjson.com/product-images/kitchen-accessories/spice-rack/1.webp',NULL,NULL,73),(74,'https://cdn.dummyjson.com/product-images/kitchen-accessories/spoon/1.webp',NULL,NULL,74),(75,'https://cdn.dummyjson.com/product-images/kitchen-accessories/tray/1.webp',NULL,NULL,75),(76,'https://cdn.dummyjson.com/product-images/kitchen-accessories/wooden-rolling-pin/1.webp',NULL,NULL,76),(77,'https://cdn.dummyjson.com/product-images/kitchen-accessories/yellow-peeler/1.webp',NULL,NULL,77),(78,'https://cdn.dummyjson.com/product-images/laptops/apple-macbook-pro-14-inch-space-grey/1.webp','https://cdn.dummyjson.com/product-images/laptops/apple-macbook-pro-14-inch-space-grey/2.webp','https://cdn.dummyjson.com/product-images/laptops/apple-macbook-pro-14-inch-space-grey/3.webp',78),(79,'https://cdn.dummyjson.com/product-images/laptops/asus-zenbook-pro-dual-screen-laptop/1.webp','https://cdn.dummyjson.com/product-images/laptops/asus-zenbook-pro-dual-screen-laptop/2.webp','https://cdn.dummyjson.com/product-images/laptops/asus-zenbook-pro-dual-screen-laptop/3.webp',79),(80,'https://cdn.dummyjson.com/product-images/laptops/huawei-matebook-x-pro/1.webp','https://cdn.dummyjson.com/product-images/laptops/huawei-matebook-x-pro/2.webp','https://cdn.dummyjson.com/product-images/laptops/huawei-matebook-x-pro/3.webp',80),(81,'https://cdn.dummyjson.com/product-images/laptops/lenovo-yoga-920/1.webp','https://cdn.dummyjson.com/product-images/laptops/lenovo-yoga-920/2.webp','https://cdn.dummyjson.com/product-images/laptops/lenovo-yoga-920/3.webp',81),(82,'https://cdn.dummyjson.com/product-images/laptops/new-dell-xps-13-9300-laptop/1.webp','https://cdn.dummyjson.com/product-images/laptops/new-dell-xps-13-9300-laptop/2.webp','https://cdn.dummyjson.com/product-images/laptops/new-dell-xps-13-9300-laptop/3.webp',82),(83,'https://cdn.dummyjson.com/product-images/mens-shirts/blue-&-black-check-shirt/1.webp','https://cdn.dummyjson.com/product-images/mens-shirts/blue-&-black-check-shirt/2.webp','https://cdn.dummyjson.com/product-images/mens-shirts/blue-&-black-check-shirt/3.webp',83),(84,'https://cdn.dummyjson.com/product-images/mens-shirts/gigabyte-aorus-men-tshirt/1.webp','https://cdn.dummyjson.com/product-images/mens-shirts/gigabyte-aorus-men-tshirt/2.webp','https://cdn.dummyjson.com/product-images/mens-shirts/gigabyte-aorus-men-tshirt/3.webp',84),(85,'https://cdn.dummyjson.com/product-images/mens-shirts/man-plaid-shirt/1.webp','https://cdn.dummyjson.com/product-images/mens-shirts/man-plaid-shirt/2.webp','https://cdn.dummyjson.com/product-images/mens-shirts/man-plaid-shirt/3.webp',85),(86,'https://cdn.dummyjson.com/product-images/mens-shirts/man-short-sleeve-shirt/1.webp','https://cdn.dummyjson.com/product-images/mens-shirts/man-short-sleeve-shirt/2.webp','https://cdn.dummyjson.com/product-images/mens-shirts/man-short-sleeve-shirt/3.webp',86),(87,'https://cdn.dummyjson.com/product-images/mens-shirts/men-check-shirt/1.webp','https://cdn.dummyjson.com/product-images/mens-shirts/men-check-shirt/2.webp','https://cdn.dummyjson.com/product-images/mens-shirts/men-check-shirt/3.webp',87),(88,'https://cdn.dummyjson.com/product-images/mens-shoes/nike-air-jordan-1-red-and-black/1.webp','https://cdn.dummyjson.com/product-images/mens-shoes/nike-air-jordan-1-red-and-black/2.webp','https://cdn.dummyjson.com/product-images/mens-shoes/nike-air-jordan-1-red-and-black/3.webp',88),(89,'https://cdn.dummyjson.com/product-images/mens-shoes/nike-baseball-cleats/1.webp','https://cdn.dummyjson.com/product-images/mens-shoes/nike-baseball-cleats/2.webp','https://cdn.dummyjson.com/product-images/mens-shoes/nike-baseball-cleats/3.webp',89),(90,'https://cdn.dummyjson.com/product-images/mens-shoes/puma-future-rider-trainers/1.webp','https://cdn.dummyjson.com/product-images/mens-shoes/puma-future-rider-trainers/2.webp','https://cdn.dummyjson.com/product-images/mens-shoes/puma-future-rider-trainers/3.webp',90),(91,'https://cdn.dummyjson.com/product-images/mens-shoes/sports-sneakers-off-white-&-red/1.webp','https://cdn.dummyjson.com/product-images/mens-shoes/sports-sneakers-off-white-&-red/2.webp','https://cdn.dummyjson.com/product-images/mens-shoes/sports-sneakers-off-white-&-red/3.webp',91),(92,'https://cdn.dummyjson.com/product-images/mens-shoes/sports-sneakers-off-white-red/1.webp','https://cdn.dummyjson.com/product-images/mens-shoes/sports-sneakers-off-white-red/2.webp','https://cdn.dummyjson.com/product-images/mens-shoes/sports-sneakers-off-white-red/3.webp',92),(93,'https://cdn.dummyjson.com/product-images/mens-watches/brown-leather-belt-watch/1.webp','https://cdn.dummyjson.com/product-images/mens-watches/brown-leather-belt-watch/2.webp','https://cdn.dummyjson.com/product-images/mens-watches/brown-leather-belt-watch/3.webp',93),(94,'https://cdn.dummyjson.com/product-images/mens-watches/longines-master-collection/1.webp','https://cdn.dummyjson.com/product-images/mens-watches/longines-master-collection/2.webp','https://cdn.dummyjson.com/product-images/mens-watches/longines-master-collection/3.webp',94),(95,'https://cdn.dummyjson.com/product-images/mens-watches/rolex-cellini-date-black-dial/1.webp','https://cdn.dummyjson.com/product-images/mens-watches/rolex-cellini-date-black-dial/2.webp','https://cdn.dummyjson.com/product-images/mens-watches/rolex-cellini-date-black-dial/3.webp',95),(96,'https://cdn.dummyjson.com/product-images/mens-watches/rolex-cellini-moonphase/1.webp','https://cdn.dummyjson.com/product-images/mens-watches/rolex-cellini-moonphase/2.webp','https://cdn.dummyjson.com/product-images/mens-watches/rolex-cellini-moonphase/3.webp',96),(97,'https://cdn.dummyjson.com/product-images/mens-watches/rolex-datejust/1.webp','https://cdn.dummyjson.com/product-images/mens-watches/rolex-datejust/2.webp','https://cdn.dummyjson.com/product-images/mens-watches/rolex-datejust/3.webp',97),(98,'https://cdn.dummyjson.com/product-images/mens-watches/rolex-submariner-watch/1.webp','https://cdn.dummyjson.com/product-images/mens-watches/rolex-submariner-watch/2.webp','https://cdn.dummyjson.com/product-images/mens-watches/rolex-submariner-watch/3.webp',98),(99,'https://cdn.dummyjson.com/product-images/mobile-accessories/amazon-echo-plus/1.webp','https://cdn.dummyjson.com/product-images/mobile-accessories/amazon-echo-plus/2.webp',NULL,99),(100,'https://cdn.dummyjson.com/product-images/mobile-accessories/apple-airpods/1.webp','https://cdn.dummyjson.com/product-images/mobile-accessories/apple-airpods/2.webp','https://cdn.dummyjson.com/product-images/mobile-accessories/apple-airpods/3.webp',100);
/*!40000 ALTER TABLE `product_images` ENABLE KEYS */;
UNLOCK TABLES;

--
-- Table structure for table `products`
--

DROP TABLE IF EXISTS `products`;
/*!40101 SET @saved_cs_client     = @@character_set_client */;
/*!50503 SET character_set_client = utf8mb4 */;
CREATE TABLE `products` (
  `product_id` int NOT NULL AUTO_INCREMENT,
  `price` double DEFAULT NULL,
  `product_name` varchar(255) DEFAULT NULL,
  `quantity` int DEFAULT NULL,
  `category_id` int DEFAULT NULL,
  PRIMARY KEY (`product_id`),
  KEY `FKog2rp4qthbtt2lfyhfo32lsw9` (`category_id`),
  CONSTRAINT `FKog2rp4qthbtt2lfyhfo32lsw9` FOREIGN KEY (`category_id`) REFERENCES `categories` (`category_id`)
) ENGINE=InnoDB AUTO_INCREMENT=108 DEFAULT CHARSET=utf8mb4 COLLATE=utf8mb4_0900_ai_ci;
/*!40101 SET character_set_client = @saved_cs_client */;

--
-- Dumping data for table `products`
--

LOCK TABLES `products` WRITE;
/*!40000 ALTER TABLE `products` DISABLE KEYS */;
INSERT INTO `products` VALUES (1,9.99,'Essence Mascara Lash Princess',99,1),(2,19.99,'Eyeshadow Palette with Mirror',34,1),(3,14.99,'Powder Canister',89,1),(4,12.99,'Red Lipstick',91,1),(5,8.99,'Red Nail Polish',79,1),(6,49.99,'Calvin Klein CK One',29,2),(7,129.99,'Chanel Coco Noir Eau De',58,2),(8,89.99,'Dior J\'adore',98,2),(9,69.99,'Dolce Shine Eau de',4,2),(10,79.99,'Gucci Bloom Eau de',91,2),(11,1899.99,'Annibale Colombo Bed',88,3),(12,2499.99,'Annibale Colombo Sofa',60,3),(13,299.99,'Bedside Table African Cherry',64,3),(14,499.99,'Knoll Saarinen Executive Conference Chair',26,3),(15,799.99,'Wooden Bathroom Sink With Mirror',7,3),(16,1.99,'Apple',8,4),(17,12.99,'Beef Steak',86,4),(18,8.99,'Cat Food',46,4),(19,9.99,'Chicken Meat',97,4),(20,4.99,'Cooking Oil',10,4),(21,1.49,'Cucumber',84,4),(22,10.99,'Dog Food',71,4),(23,2.99,'Eggs',9,4),(24,14.99,'Fish Steak',74,4),(25,1.29,'Green Bell Pepper',33,4),(26,0.99,'Green Chili Pepper',3,4),(27,6.99,'Honey Jar',34,4),(28,5.49,'Ice Cream',27,4),(29,3.99,'Juice',50,4),(30,2.49,'Kiwi',99,4),(31,0.79,'Lemon',31,4),(32,3.49,'Milk',27,4),(33,4.99,'Mulberry',99,4),(34,7.99,'Nescafe Coffee',57,4),(35,2.29,'Potatoes',13,4),(36,19.99,'Protein Powder',80,4),(37,1.99,'Red Onions',82,4),(38,5.99,'Rice',59,4),(39,1.99,'Soft Drinks',53,4),(40,3.99,'Strawberry',46,4),(41,2.49,'Tissue Paper Box',86,4),(42,0.99,'Water',53,4),(43,59.99,'Decoration Swing',47,5),(44,29.99,'Family Tree Photo Frame',77,5),(45,39.99,'House Showpiece Plant',28,5),(46,14.99,'Plant Pot',59,5),(47,49.99,'Table Lamp',9,5),(48,7.99,'Bamboo Spatula',37,6),(49,5.99,'Black Aluminium Cup',75,6),(50,9.99,'Black Whisk',73,6),(51,39.99,'Boxed Blender',9,6),(52,29.99,'Carbon Steel Wok',40,6),(53,12.99,'Chopping Board',14,6),(54,8.99,'Citrus Squeezer Yellow',22,6),(55,6.99,'Egg Slicer',40,6),(56,49.99,'Electric Stove',21,6),(57,9.99,'Fine Mesh Strainer',85,6),(58,3.99,'Fork',7,6),(59,4.99,'Glass',46,6),(60,10.99,'Grater Black',84,6),(61,34.99,'Hand Blender',84,6),(62,5.99,'Ice Cube Tray',13,6),(63,7.99,'Kitchen Sieve',68,6),(64,14.99,'Knife',7,6),(65,12.99,'Lunch Box',94,6),(66,89.99,'Microwave Oven',59,6),(67,15.99,'Mug Tree Stand',88,6),(68,24.99,'Pan',90,6),(69,3.99,'Plate',66,6),(70,6.99,'Red Tongs',82,6),(71,39.99,'Silver Pot With Glass Cap',40,6),(72,8.99,'Slotted Turner',88,6),(73,19.99,'Spice Rack',79,6),(74,4.99,'Spoon',59,6),(75,16.99,'Tray',71,6),(76,11.99,'Wooden Rolling Pin',80,6),(77,5.99,'Yellow Peeler',35,6),(78,1999.99,'Apple MacBook Pro 14 Inch Space Grey',24,7),(79,1799.99,'Asus Zenbook Pro Dual Screen Laptop',45,7),(80,1399.99,'Huawei Matebook X Pro',75,7),(81,1099.99,'Lenovo Yoga 920',40,7),(82,1499.99,'New DELL XPS 13 9300 Laptop',74,7),(83,29.99,'Blue & Black Check Shirt',38,8),(84,24.99,'Gigabyte Aorus Men Tshirt',90,8),(85,34.99,'Man Plaid Shirt',82,8),(86,19.99,'Man Short Sleeve Shirt',2,8),(87,27.99,'Men Check Shirt',95,8),(88,149.99,'Nike Air Jordan 1 Red And Black',7,9),(89,79.99,'Nike Baseball Cleats',12,9),(90,89.99,'Puma Future Rider Trainers',90,9),(91,119.99,'Sports Sneakers Off White & Red',17,9),(92,109.99,'Sports Sneakers Off White Red',62,9),(93,89.99,'Brown Leather Belt Watch',32,10),(94,1499.99,'Longines Master Collection',100,10),(95,8999.99,'Rolex Cellini Date Black Dial',40,10),(96,12999.99,'Rolex Cellini Moonphase',36,10),(97,10999.99,'Rolex Datejust',86,10),(98,13999.99,'Rolex Submariner Watch',55,10),(99,99.99,'Amazon Echo Plus',61,11),(100,129.99,'Apple Airpods',67,11),(101,99.99,'Test Product',10,1),(102,1000,'suger',100,4),(103,99.99,'Test Product',10,1),(104,100,'Suger ',10000,4),(105,1000,'Suger 2',10000,4),(106,2000,'Suger3',10000,4),(107,10000,'Suger 4',100000,4);
/*!40000 ALTER TABLE `products` ENABLE KEYS */;
UNLOCK TABLES;

--
-- Table structure for table `slot`
--

DROP TABLE IF EXISTS `slot`;
/*!40101 SET @saved_cs_client     = @@character_set_client */;
/*!50503 SET character_set_client = utf8mb4 */;
CREATE TABLE `slot` (
  `slot_id` int NOT NULL AUTO_INCREMENT,
  `current_slot_size` int DEFAULT NULL,
  `discount_percentage` double DEFAULT NULL,
  `is_full` bit(1) DEFAULT NULL,
  `max_slot_size` int DEFAULT NULL,
  `product_id` int DEFAULT NULL,
  PRIMARY KEY (`slot_id`),
  KEY `FKre3xqomp17n7nh12vd4n00kv3` (`product_id`),
  CONSTRAINT `FKre3xqomp17n7nh12vd4n00kv3` FOREIGN KEY (`product_id`) REFERENCES `products` (`product_id`)
) ENGINE=InnoDB AUTO_INCREMENT=366 DEFAULT CHARSET=utf8mb4 COLLATE=utf8mb4_0900_ai_ci;
/*!40101 SET character_set_client = @saved_cs_client */;

--
-- Dumping data for table `slot`
--

LOCK TABLES `slot` WRITE;
/*!40000 ALTER TABLE `slot` DISABLE KEYS */;
INSERT INTO `slot` VALUES (1,10990,25,_binary '\0',25000,1),(2,43713,50,_binary '\0',50000,1),(3,99343,75,_binary '\0',100000,1),(4,12570,25,_binary '\0',25000,2),(5,29000,50,_binary '\0',50000,2),(6,25342,75,_binary '\0',100000,2),(7,13022,25,_binary '\0',25000,3),(8,40598,50,_binary '\0',50000,3),(9,84448,75,_binary '\0',100000,3),(10,21030,25,_binary '\0',25000,4),(11,38378,50,_binary '\0',50000,4),(12,86501,75,_binary '\0',100000,4),(13,18065,25,_binary '\0',25000,5),(14,41505,50,_binary '\0',50000,5),(15,42003,75,_binary '\0',100000,5),(16,22631,25,_binary '\0',25000,6),(17,28592,50,_binary '\0',50000,6),(18,18878,75,_binary '\0',100000,6),(19,3283,25,_binary '\0',25000,7),(20,50000,50,_binary '',50000,7),(21,67908,75,_binary '\0',100000,7),(22,18392,25,_binary '\0',25000,8),(23,1290,50,_binary '\0',50000,8),(24,55347,75,_binary '\0',100000,8),(25,25000,25,_binary '',25000,9),(26,50000,50,_binary '',50000,9),(27,88877,75,_binary '\0',100000,9),(28,10652,25,_binary '\0',25000,10),(29,39758,50,_binary '\0',50000,10),(30,47671,75,_binary '\0',100000,10),(31,1865,25,_binary '\0',25000,11),(32,29785,50,_binary '\0',50000,11),(33,8161,75,_binary '\0',100000,11),(34,21120,25,_binary '\0',25000,12),(35,18041,50,_binary '\0',50000,12),(36,50801,75,_binary '\0',100000,12),(37,20179,25,_binary '\0',25000,13),(38,14506,50,_binary '\0',50000,13),(39,95954,75,_binary '\0',100000,13),(40,19341,25,_binary '\0',25000,14),(41,19253,50,_binary '\0',50000,14),(42,100000,75,_binary '',100000,14),(43,16735,25,_binary '\0',25000,15),(44,50000,50,_binary '',50000,15),(45,100000,75,_binary '',100000,15),(46,23492,25,_binary '\0',25000,16),(47,43982,50,_binary '\0',50000,16),(48,83503,75,_binary '\0',100000,16),(49,3118,25,_binary '\0',25000,17),(50,23147,50,_binary '\0',50000,17),(51,31086,75,_binary '\0',100000,17),(52,13399,25,_binary '\0',25000,18),(53,27826,50,_binary '\0',50000,18),(54,1290,75,_binary '\0',100000,18),(55,25000,25,_binary '',25000,19),(56,11290,50,_binary '\0',50000,19),(57,100000,75,_binary '',100000,19),(58,14052,25,_binary '\0',25000,20),(59,9272,50,_binary '\0',50000,20),(60,27807,75,_binary '\0',100000,20),(61,15929,25,_binary '\0',25000,21),(62,32156,50,_binary '\0',50000,21),(63,20229,75,_binary '\0',100000,21),(64,23906,25,_binary '\0',25000,22),(65,5278,50,_binary '\0',50000,22),(66,86626,75,_binary '\0',100000,22),(67,3349,25,_binary '\0',25000,23),(68,5991,50,_binary '\0',50000,23),(69,30004,75,_binary '\0',100000,23),(70,13780,25,_binary '\0',25000,24),(71,33073,50,_binary '\0',50000,24),(72,100000,75,_binary '',100000,24),(73,8836,25,_binary '\0',25000,25),(74,7814,50,_binary '\0',50000,25),(75,35163,75,_binary '\0',100000,25),(76,2301,25,_binary '\0',25000,26),(77,1254,50,_binary '\0',50000,26),(78,33255,75,_binary '\0',100000,26),(79,24183,25,_binary '\0',25000,27),(80,3653,50,_binary '\0',50000,27),(81,95209,75,_binary '\0',100000,27),(82,21688,25,_binary '\0',25000,28),(83,44036,50,_binary '\0',50000,28),(84,73831,75,_binary '\0',100000,28),(85,21467,25,_binary '\0',25000,29),(86,7300,50,_binary '\0',50000,29),(87,61313,75,_binary '\0',100000,29),(88,4096,25,_binary '\0',25000,30),(89,49551,50,_binary '\0',50000,30),(90,57646,75,_binary '\0',100000,30),(91,11093,25,_binary '\0',25000,31),(92,21375,50,_binary '\0',50000,31),(93,100000,75,_binary '',100000,31),(94,25000,25,_binary '',25000,32),(95,50000,50,_binary '',50000,32),(96,89799,75,_binary '\0',100000,32),(97,3452,25,_binary '\0',25000,33),(98,35820,50,_binary '\0',50000,33),(99,100000,75,_binary '',100000,33),(100,25000,25,_binary '',25000,34),(101,8264,50,_binary '\0',50000,34),(102,100000,75,_binary '',100000,34),(103,3363,25,_binary '\0',25000,35),(104,25521,50,_binary '\0',50000,35),(105,44516,75,_binary '\0',100000,35),(106,14304,25,_binary '\0',25000,36),(107,42431,50,_binary '\0',50000,36),(108,53314,75,_binary '\0',100000,36),(109,21215,25,_binary '\0',25000,37),(110,2707,50,_binary '\0',50000,37),(111,2671,75,_binary '\0',100000,37),(112,12789,25,_binary '\0',25000,38),(113,12038,50,_binary '\0',50000,38),(114,100000,75,_binary '',100000,38),(115,12941,25,_binary '\0',25000,39),(116,15120,50,_binary '\0',50000,39),(117,100000,75,_binary '',100000,39),(118,20601,25,_binary '\0',25000,40),(119,6029,50,_binary '\0',50000,40),(120,1036,75,_binary '\0',100000,40),(121,4053,25,_binary '\0',25000,41),(122,44702,50,_binary '\0',50000,41),(123,34309,75,_binary '\0',100000,41),(124,17417,25,_binary '\0',25000,42),(125,50000,50,_binary '',50000,42),(126,24125,75,_binary '\0',100000,42),(127,24002,25,_binary '\0',25000,43),(128,22448,50,_binary '\0',50000,43),(129,100000,75,_binary '',100000,43),(130,14530,25,_binary '\0',25000,44),(131,14283,50,_binary '\0',50000,44),(132,74910,75,_binary '\0',100000,44),(133,20434,25,_binary '\0',25000,45),(134,10333,50,_binary '\0',50000,45),(135,31584,75,_binary '\0',100000,45),(136,4777,25,_binary '\0',25000,46),(137,37190,50,_binary '\0',50000,46),(138,100000,75,_binary '',100000,46),(139,25000,25,_binary '',25000,47),(140,50000,50,_binary '',50000,47),(141,1380,75,_binary '\0',100000,47),(142,3837,25,_binary '\0',25000,48),(143,44739,50,_binary '\0',50000,48),(144,100000,75,_binary '',100000,48),(145,6819,25,_binary '\0',25000,49),(146,50000,50,_binary '',50000,49),(147,27885,75,_binary '\0',100000,49),(148,25000,25,_binary '',25000,50),(149,24526,50,_binary '\0',50000,50),(150,49572,75,_binary '\0',100000,50),(151,7575,25,_binary '\0',25000,51),(152,49718,50,_binary '\0',50000,51),(153,8265,75,_binary '\0',100000,51),(154,11347,25,_binary '\0',25000,52),(155,12566,50,_binary '\0',50000,52),(156,6183,75,_binary '\0',100000,52),(157,1681,25,_binary '\0',25000,53),(158,50000,50,_binary '',50000,53),(159,60368,75,_binary '\0',100000,53),(160,24711,25,_binary '\0',25000,54),(161,30279,50,_binary '\0',50000,54),(162,67026,75,_binary '\0',100000,54),(163,22664,25,_binary '\0',25000,55),(164,9641,50,_binary '\0',50000,55),(165,72485,75,_binary '\0',100000,55),(166,10013,25,_binary '\0',25000,56),(167,50000,50,_binary '',50000,56),(168,34398,75,_binary '\0',100000,56),(169,22565,25,_binary '\0',25000,57),(170,435,50,_binary '\0',50000,57),(171,74839,75,_binary '\0',100000,57),(172,23113,25,_binary '\0',25000,58),(173,33318,50,_binary '\0',50000,58),(174,33660,75,_binary '\0',100000,58),(175,8986,25,_binary '\0',25000,59),(176,8336,50,_binary '\0',50000,59),(177,56545,75,_binary '\0',100000,59),(178,15387,25,_binary '\0',25000,60),(179,18898,50,_binary '\0',50000,60),(180,58539,75,_binary '\0',100000,60),(181,6524,25,_binary '\0',25000,61),(182,1923,50,_binary '\0',50000,61),(183,45267,75,_binary '\0',100000,61),(184,4053,25,_binary '\0',25000,62),(185,2363,50,_binary '\0',50000,62),(186,97156,75,_binary '\0',100000,62),(187,17105,25,_binary '\0',25000,63),(188,24010,50,_binary '\0',50000,63),(189,90592,75,_binary '\0',100000,63),(190,16946,25,_binary '\0',25000,64),(191,49593,50,_binary '\0',50000,64),(192,100000,75,_binary '',100000,64),(193,25000,25,_binary '',25000,65),(194,7383,50,_binary '\0',50000,65),(195,57158,75,_binary '\0',100000,65),(196,12026,25,_binary '\0',25000,66),(197,42599,50,_binary '\0',50000,66),(198,51541,75,_binary '\0',100000,66),(199,16814,25,_binary '\0',25000,67),(200,40108,50,_binary '\0',50000,67),(201,60585,75,_binary '\0',100000,67),(202,7848,25,_binary '\0',25000,68),(203,39775,50,_binary '\0',50000,68),(204,74166,75,_binary '\0',100000,68),(205,11810,25,_binary '\0',25000,69),(206,48516,50,_binary '\0',50000,69),(207,62604,75,_binary '\0',100000,69),(208,17234,25,_binary '\0',25000,70),(209,23347,50,_binary '\0',50000,70),(210,65324,75,_binary '\0',100000,70),(211,25000,25,_binary '',25000,71),(212,6133,50,_binary '\0',50000,71),(213,1183,75,_binary '\0',100000,71),(214,21820,25,_binary '\0',25000,72),(215,7960,50,_binary '\0',50000,72),(216,100000,75,_binary '',100000,72),(217,10525,25,_binary '\0',25000,73),(218,39139,50,_binary '\0',50000,73),(219,65686,75,_binary '\0',100000,73),(220,5092,25,_binary '\0',25000,74),(221,36523,50,_binary '\0',50000,74),(222,49627,75,_binary '\0',100000,74),(223,7044,25,_binary '\0',25000,75),(224,4595,50,_binary '\0',50000,75),(225,48907,75,_binary '\0',100000,75),(226,16821,25,_binary '\0',25000,76),(227,50000,50,_binary '',50000,76),(228,60385,75,_binary '\0',100000,76),(229,11056,25,_binary '\0',25000,77),(230,17246,50,_binary '\0',50000,77),(231,67157,75,_binary '\0',100000,77),(232,8562,25,_binary '\0',25000,78),(233,29326,50,_binary '\0',50000,78),(234,85339,75,_binary '\0',100000,78),(235,23175,25,_binary '\0',25000,79),(236,37750,50,_binary '\0',50000,79),(237,100000,75,_binary '',100000,79),(238,24219,25,_binary '\0',25000,80),(239,6799,50,_binary '\0',50000,80),(240,14697,75,_binary '\0',100000,80),(241,17672,25,_binary '\0',25000,81),(242,44561,50,_binary '\0',50000,81),(243,4325,75,_binary '\0',100000,81),(244,81,25,_binary '\0',25000,82),(245,44791,50,_binary '\0',50000,82),(246,30136,75,_binary '\0',100000,82),(247,10918,25,_binary '\0',25000,83),(248,13699,50,_binary '\0',50000,83),(249,13641,75,_binary '\0',100000,83),(250,623,25,_binary '\0',25000,84),(251,13367,50,_binary '\0',50000,84),(252,92459,75,_binary '\0',100000,84),(253,16800,25,_binary '\0',25000,85),(254,50000,50,_binary '',50000,85),(255,54887,75,_binary '\0',100000,85),(256,16207,25,_binary '\0',25000,86),(257,39787,50,_binary '\0',50000,86),(258,84455,75,_binary '\0',100000,86),(259,12950,25,_binary '\0',25000,87),(260,30452,50,_binary '\0',50000,87),(261,63736,75,_binary '\0',100000,87),(262,4664,25,_binary '\0',25000,88),(263,22432,50,_binary '\0',50000,88),(264,54356,75,_binary '\0',100000,88),(265,16201,25,_binary '\0',25000,89),(266,50000,50,_binary '',50000,89),(267,84211,75,_binary '\0',100000,89),(268,9696,25,_binary '\0',25000,90),(269,23853,50,_binary '\0',50000,90),(270,83000,75,_binary '\0',100000,90),(271,8113,25,_binary '\0',25000,91),(272,11734,50,_binary '\0',50000,91),(273,17263,75,_binary '\0',100000,91),(274,8503,25,_binary '\0',25000,92),(275,23450,50,_binary '\0',50000,92),(276,57196,75,_binary '\0',100000,92),(277,5891,25,_binary '\0',25000,93),(278,19758,50,_binary '\0',50000,93),(279,92730,75,_binary '\0',100000,93),(280,17768,25,_binary '\0',25000,94),(281,50000,50,_binary '',50000,94),(282,9500,75,_binary '\0',100000,94),(283,5086,25,_binary '\0',25000,95),(284,22814,50,_binary '\0',50000,95),(285,77969,75,_binary '\0',100000,95),(286,25000,25,_binary '',25000,96),(287,5951,50,_binary '\0',50000,96),(288,33492,75,_binary '\0',100000,96),(289,25000,25,_binary '',25000,97),(290,50000,50,_binary '',50000,97),(291,100000,75,_binary '',100000,97),(292,25000,25,_binary '',25000,98),(293,35799,50,_binary '\0',50000,98),(294,68506,75,_binary '\0',100000,98),(295,14217,25,_binary '\0',25000,99),(296,41735,50,_binary '\0',50000,99),(297,9845,75,_binary '\0',100000,99),(298,15,25,_binary '\0',25000,100),(299,50000,50,_binary '',50000,100),(300,23534,75,_binary '\0',100000,100),(361,21478,25,_binary '\0',25000,106),(363,16178,25,_binary '\0',25000,107),(364,2868,50,_binary '\0',50000,107),(365,37683,75,_binary '\0',75000,107);
/*!40000 ALTER TABLE `slot` ENABLE KEYS */;
UNLOCK TABLES;

--
-- Table structure for table `transaction`
--

DROP TABLE IF EXISTS `transaction`;
/*!40101 SET @saved_cs_client     = @@character_set_client */;
/*!50503 SET character_set_client = utf8mb4 */;
CREATE TABLE `transaction` (
  `id` int NOT NULL AUTO_INCREMENT,
  `amount` decimal(38,2) NOT NULL,
  `payment_status` varchar(255) NOT NULL,
  `transaction_date` datetime(6) NOT NULL,
  `user_id` int NOT NULL,
  PRIMARY KEY (`id`),
  KEY `FKanjpo5tiapru7an6cw4cu37y4` (`user_id`),
  CONSTRAINT `FKanjpo5tiapru7an6cw4cu37y4` FOREIGN KEY (`user_id`) REFERENCES `users` (`id`)
) ENGINE=InnoDB DEFAULT CHARSET=utf8mb4 COLLATE=utf8mb4_0900_ai_ci;
/*!40101 SET character_set_client = @saved_cs_client */;

--
-- Dumping data for table `transaction`
--

LOCK TABLES `transaction` WRITE;
/*!40000 ALTER TABLE `transaction` DISABLE KEYS */;
/*!40000 ALTER TABLE `transaction` ENABLE KEYS */;
UNLOCK TABLES;

--
-- Table structure for table `users`
--

DROP TABLE IF EXISTS `users`;
/*!40101 SET @saved_cs_client     = @@character_set_client */;
/*!50503 SET character_set_client = utf8mb4 */;
CREATE TABLE `users` (
  `id` int NOT NULL AUTO_INCREMENT,
  `email` varchar(255) NOT NULL,
  `name` varchar(255) NOT NULL,
  `password_hash` varchar(255) NOT NULL,
  `role` enum('ADMIN','USER') NOT NULL,
  PRIMARY KEY (`id`),
  UNIQUE KEY `UK6dotkott2kjsp8vw4d0m25fb7` (`email`)
) ENGINE=InnoDB AUTO_INCREMENT=11 DEFAULT CHARSET=utf8mb4 COLLATE=utf8mb4_0900_ai_ci;
/*!40101 SET character_set_client = @saved_cs_client */;

--
-- Dumping data for table `users`
--

LOCK TABLES `users` WRITE;
/*!40000 ALTER TABLE `users` DISABLE KEYS */;
INSERT INTO `users` VALUES (1,'arbaaz@gmail.com','Arbaaz','$2a$10$HmE5yVLt.6UVHwoc7jQnrOlEbzpNcmHl1LCZVTPuMlmPo244RqEZC','USER'),(2,'test@example.com','Test User','$2a$10$hvUVbF4OKZwFZi1NTX9f7u6bsUvhNphHncXHn7rICKQrxRBNt7ew.','USER'),(3,'yogeshkadam17111999@gmail.com','Yogesh','$2a$10$L/epMOUiCADH7m93wPF/OOS1GJhPY6M4C4S3DNDp9UxD5Ry5wcZ..','USER'),(4,'yogesh@gmail.com','Yogesh','$2a$10$2i8UEyi9Hk06oH4EIXMC4.ZmrKwu2Yq.dvoxb7VbT7xuCMwAim3HC','USER'),(5,'yogesh123@gmail.com','Yogesh','$2a$10$H5IpybdaCEF6/DxfAabdh.RCQ2umT0MuG94wDpNPGRkisC782aRCW','USER'),(6,'yogesh1234@gmail.com','Yogesh','$2a$10$D.0YwLfPzH2dupv8FNYR5.SogSu.cfnKNWcoPZbcbk.TqGqMk6SQi','USER'),(7,'test1@gmail.com','test1','$2a$10$2ehwcgWsLUSzpbWjZ5pjBeJzshG0foapeK6qZWmACWGhn2q0VhpCi','USER'),(8,'test2@gmail.com','test2','$2a$10$KgeBopqQXqql3LjxF0WupuKRcX6JupZeI7WrJUvpB2vcc0GIZJoZ6','USER'),(9,'newuser@example.com','New User','$2a$10$NRKwLFlPt1wsIjusrayrceaIUMlP.tyqgm.S.fwCvjGDorBNMo6vq','USER'),(10,'admin@tricto.com','Admin User','$2a$10$B54ilYJM2JCChjxI7PRlLOh9KJXbstszfEuVgjc2Ntyso6fFWWz86','ADMIN');
/*!40000 ALTER TABLE `users` ENABLE KEYS */;
UNLOCK TABLES;
/*!40103 SET TIME_ZONE=@OLD_TIME_ZONE */;

/*!40101 SET SQL_MODE=@OLD_SQL_MODE */;
/*!40014 SET FOREIGN_KEY_CHECKS=@OLD_FOREIGN_KEY_CHECKS */;
/*!40014 SET UNIQUE_CHECKS=@OLD_UNIQUE_CHECKS */;
/*!40101 SET CHARACTER_SET_CLIENT=@OLD_CHARACTER_SET_CLIENT */;
/*!40101 SET CHARACTER_SET_RESULTS=@OLD_CHARACTER_SET_RESULTS */;
/*!40101 SET COLLATION_CONNECTION=@OLD_COLLATION_CONNECTION */;
/*!40111 SET SQL_NOTES=@OLD_SQL_NOTES */;

-- Dump completed on 2025-08-05 15:03:19
